subject_id,time,readgrp,sex,age,basmat,bassim,basdig,basnum,basread,basspel,trog,woco,bpvs,basmat_next,bassim_next,basdig_next,basnum_next,basread_next,basspel_next,trog_next,woco_next,bpvs_next,basmat_gain,bassim_gain,basdig_gain,basnum_gain,basread_gain,basspel_gain,trog_gain,woco_gain,bpvs_gain
ID_192917798CFBBFA4,1,1,1,59,,0,0,0,0,0,2,0,6,,0,0,2,0,0,2,0,7,,0,0,2,0,0,0,0,1
ID_192917798CFBBFA4,2,1,1,68,,0,0,2,0,0,2,0,7,2,0,4,6,2,0,2,0,7,,0,4,4,2,0,0,0,0
ID_192917798CFBBFA4,3,1,1,79,2,0,4,6,2,0,2,0,7,2,0,3,3,14,0,3,0,7,0,0,-1,-3,12,0,1,0,0
ID_192917798CFBBFA4,4,1,1,91,2,0,3,3,14,0,3,0,7,,,,,,,,,,,,,,,,,,
ID_192917798CFBBFA4,5,1,1,,,,,,,,,,,,,,,,,,,,,,,,,,,,
ID_19368385D85583BA,1,1,0,84,,1,4,6,0,0,3,0,9,,0,4,6,0,0,7,0,8,,-1,0,0,0,0,4,0,-1
ID_19368385D85583BA,2,1,0,94,,0,4,6,0,0,7,0,8,2,0,6,11,0,0,7,0,15,,0,2,5,0,0,0,0,7
ID_19368385D85583BA,3,1,0,105,2,0,6,11,0,0,7,0,15,2,5,8,11,11,0,8,1,12,0,5,2,0,11,0,1,1,-3
ID_19368385D85583BA,4,1,0,120,2,5,8,11,11,0,8,1,12,5,6,9,,6,1,10,0,16,3,1,1,,-5,1,2,-1,4
ID_19368385D85583BA,5,1,0,127,5,6,9,,6,1,10,0,16,,,,,,,,,,,,,,,,,,
ID_1EB5AFB11CF58A00,1,1,0,128,,7,13,19,42,12,7,8,10,,5,12,29,52,9,7,11,10,,-2,-1,10,10,-3,0,3,0
ID_1EB5AFB11CF58A00,2,1,0,140,,5,12,29,52,9,7,11,10,3,5,15,20,59,11,9,8,12,,0,3,-9,7,2,2,-3,2
ID_1EB5AFB11CF58A00,3,1,0,152,3,5,15,20,59,11,9,8,12,8,6,13,28,69,15,7,11,12,5,1,-2,8,10,4,-2,3,0
ID_1EB5AFB11CF58A00,4,1,0,164,8,6,13,28,69,15,7,11,12,8,6,13,,63,14,9,5,11,0,0,0,,-6,-1,2,-6,-1
ID_1EB5AFB11CF58A00,5,1,0,173,8,6,13,,63,14,9,5,11,,,,,,,,,,,,,,,,,,
ID_25873B41B04B6AE6,1,1,0,150,,6,7,16,24,6,9,3,15,,7,8,18,26,5,10,4,14,,1,1,2,2,-1,1,1,-1
ID_25873B41B04B6AE6,2,1,0,163,,7,8,18,26,5,10,4,14,3,7,11,22,29,6,12,5,14,,0,3,4,3,1,2,1,0
ID_25873B41B04B6AE6,3,1,0,176,3,7,11,22,29,6,12,5,14,,,,,,,,,,,,,,,,,,
ID_25873B41B04B6AE6,4,1,0,,,,,,,,,,,,,,,,,,,,,,,,,,,,
ID_25873B41B04B6AE6,5,1,0,,,,,,,,,,,,,,,,,,,,,,,,,,,,
ID_478578E6D65FE414,1,1,1,115,,1,5,8,11,2,5,1,8,,0,6,13,22,1,8,1,9,,-1,1,5,11,-1,3,0,1
ID_478578E6D65FE414,2,1,1,127,,0,6,13,22,1,8,1,9,2,4,5,19,23,4,8,6,9,,4,-1,6,1,3,0,5,0
ID_478578E6D65FE414,3,1,1,139,2,4,5,19,23,4,8,6,9,3,9,7,20,35,3,7,10,8,1,5,2,1,12,-1,-1,4,-1
ID_478578E6D65FE414,4,1,1,151,3,9,7,20,35,3,7,10,8,,,,,,,,,,,,,,,,,,
ID_478578E6D65FE414,5,1,1,,,,,,,,,,,,,,,,,,,,,,,,,,,,
ID_4E56732EB642BFB0,1,1,1,103,,0,8,6,9,0,6,0,9,,0,11,6,12,0,8,0,10,,0,3,0,3,0,2,0,1
ID_4E56732EB642BFB0,2,1,1,113,,0,11,6,12,0,8,0,10,1,1,10,11,11,1,7,1,12,,1,-1,5,-1,1,-1,1,2
ID_4E56732EB642BFB0,3,1,1,126,1,1,10,11,11,1,7,1,12,2,3,14,12,21,3,9,2,12,1,2,4,1,10,2,2,1,0
ID_4E56732EB642BFB0,4,1,1,138,2,3,14,12,21,3,9,2,12,,,,,,,,,,,,,,,,,,
ID_4E56732EB642BFB0,5,1,1,,,,,,,,,,,,,,,,,,,,,,,,,,,,
ID_4F505D0EAF632547,1,1,0,71,,0,9,9,3,0,5,0,8,,0,5,14,11,2,5,0,8,,0,-4,5,8,2,0,0,0
ID_4F505D0EAF632547,2,1,0,78,,0,5,14,11,2,5,0,8,2,0,7,16,22,3,7,1,10,,0,2,2,11,1,2,1,2
ID_4F505D0EAF632547,3,1,0,90,2,0,7,16,22,3,7,1,10,1,1,9,19,32,5,6,3,8,-1,1,2,3,10,2,-1,2,-2
ID_4F505D0EAF632547,4,1,0,102,1,1,9,19,32,5,6,3,8,2,4,8,,49,4,8,7,12,1,3,-1,,17,-1,2,4,4
ID_4F505D0EAF632547,5,1,0,110,2,4,8,,49,4,8,7,12,,,,,,,,,,,,,,,,,,
ID_5C32249384C3B123,1,1,0,105,,1,5,8,9,0,6,0,,,0,6,12,9,2,7,0,14,,-1,1,4,0,2,1,0,
ID_5C32249384C3B123,2,1,0,116,,0,6,12,9,2,7,0,14,0,0,6,6,14,0,4,0,16,,0,0,-6,5,-2,-3,0,2
ID_5C32249384C3B123,3,1,0,128,0,0,6,6,14,0,4,0,16,,,,,,,,,,,,,,,,,,
ID_5C32249384C3B123,4,1,0,,,,,,,,,,,,,,,,,,,,,,,,,,,,
ID_5C32249384C3B123,5,1,0,,,,,,,,,,,,,,,,,,,,,,,,,,,,
ID_6037BAAF9583444D,1,1,0,80,,0,,,,0,0,0,5,,0,0,0,11,0,2,0,4,,0,,,,0,2,0,-1
ID_6037BAAF9583444D,2,1,0,88,,0,0,0,11,0,2,0,4,1,0,5,,21,4,4,2,6,,0,5,,10,4,2,2,2
ID_6037BAAF9583444D,3,1,0,100,1,0,5,,21,4,4,2,6,0,0,7,,46,,3,0,4,-1,0,2,,25,,-1,-2,-2
ID_6037BAAF9583444D,4,1,0,112,0,0,7,,46,,3,0,4,1,0,6,,49,9,4,1,11,1,0,-1,,3,,1,1,7
ID_6037BAAF9583444D,5,1,0,120,1,0,6,,49,9,4,1,11,,,,,,,,,,,,,,,,,,
ID_68705A330CBE4D52,1,1,0,115,,11,13,14,64,,9,13,18,,12,15,20,76,6,11,14,15,,1,2,6,12,,2,1,-3
ID_68705A330CBE4D52,2,1,0,126,,12,15,20,76,6,11,14,15,4,13,18,22,75,10,12,12,19,,1,3,2,-1,4,1,-2,4
ID_68705A330CBE4D52,3,1,0,136,4,13,18,22,75,10,12,12,19,,,,,,,,,,,,,,,,,,
ID_68705A330CBE4D52,4,1,0,,,,,,,,,,,,,,,,,,,,,,,,,,,,
ID_68705A330CBE4D52,5,1,0,,,,,,,,,,,,,,,,,,,,,,,,,,,,
ID_70943F48E5E675E7,1,1,0,92,,2,7,8,7,1,7,0,9,,0,10,,13,1,9,0,11,,-2,3,,6,0,2,0,2
ID_70943F48E5E675E7,2,1,0,104,,0,10,,13,1,9,0,11,2,1,12,17,13,2,8,0,10,,1,2,,0,1,-1,0,-1
ID_70943F48E5E675E7,3,1,0,116,2,1,12,17,13,2,8,0,10,6,1,14,21,18,3,10,2,12,4,0,2,4,5,1,2,2,2
ID_70943F48E5E675E7,4,1,0,128,6,1,14,21,18,3,10,2,12,4,0,16,,23,3,11,3,14,-2,-1,2,,5,0,1,1,2
ID_70943F48E5E675E7,5,1,0,137,4,0,16,,23,3,11,3,14,,,,,,,,,,,,,,,,,,
ID_7EDDB5BE4BE3AE19,1,1,0,100,,0,6,6,3,0,7,0,12,,1,6,8,3,0,7,0,12,,1,0,2,0,0,0,0,0
ID_7EDDB5BE4BE3AE19,2,1,0,113,,1,6,8,3,0,7,0,12,2,4,8,10,8,1,,0,10,,3,2,2,5,1,,0,-2
ID_7EDDB5BE4BE3AE19,3,1,0,125,2,4,8,10,8,1,,0,10,2,6,8,13,12,3,12,0,14,0,2,0,3,4,2,,0,4
ID_7EDDB5BE4BE3AE19,4,1,0,137,2,6,8,13,12,3,12,0,14,2,6,7,,12,3,8,0,9,0,0,-1,,0,0,-4,0,-5
ID_7EDDB5BE4BE3AE19,5,1,0,145,2,6,7,,12,3,8,0,9,,,,,,,,,,,,,,,,,,
ID_8C5A532621BE5648,1,1,1,107,,1,12,,34,3,7,5,13,,6,8,14,39,4,7,13,9,,5,-4,,5,1,0,8,-4
ID_8C5A532621BE5648,2,1,1,120,,6,8,14,39,4,7,13,9,2,5,7,18,45,5,7,12,10,,-1,-1,4,6,1,0,-1,1
ID_8C5A532621BE5648,3,1,1,132,2,5,7,18,45,5,7,12,10,0,8,12,16,56,,8,15,12,-2,3,5,-2,11,,1,3,2
ID_8C5A532621BE5648,4,1,1,145,0,8,12,16,56,,8,15,12,2,9,10,,61,7,8,10,10,2,1,-2,,5,,0,-5,-2
ID_8C5A532621BE5648,5,1,1,153,2,9,10,,61,7,8,10,10,,,,,,,,,,,,,,,,,,
ID_9A63E8F11056955B,1,1,0,120,,0,5,10,4,0,7,0,10,,0,6,9,5,1,7,0,12,,0,1,-1,1,1,0,0,2
ID_9A63E8F11056955B,2,1,0,132,,0,6,9,5,1,7,0,12,1,0,2,16,5,0,9,0,8,,0,-4,7,0,-1,2,0,-4
ID_9A63E8F11056955B,3,1,0,143,1,0,2,16,5,0,9,0,8,,,,,,,,,,,,,,,,,,
ID_9A63E8F11056955B,4,1,0,,,,,,,,,,,,,,,,,,,,,,,,,,,,
ID_9A63E8F11056955B,5,1,0,,,,,,,,,,,,,,,,,,,,,,,,,,,,
ID_A5B0B97417FB9EB1,1,1,0,87,,0,5,2,0,0,2,0,11,,0,1,1,0,0,2,0,12,,0,-4,-1,0,0,0,0,1
ID_A5B0B97417FB9EB1,2,1,0,99,,0,1,1,0,0,2,0,12,0,0,5,3,2,0,2,0,8,,0,4,2,2,0,0,0,-4
ID_A5B0B97417FB9EB1,3,1,0,110,0,0,5,3,2,0,2,0,8,3,0,8,6,8,0,5,2,11,3,0,3,3,6,0,3,2,3
ID_A5B0B97417FB9EB1,4,1,0,122,3,0,8,6,8,0,5,2,11,2,1,9,,5,0,7,2,12,-1,1,1,,-3,0,2,0,1
ID_A5B0B97417FB9EB1,5,1,0,130,2,1,9,,5,0,7,2,12,,,,,,,,,,,,,,,,,,
ID_AF3B980060CE4589,1,1,1,96,,1,6,13,11,2,4,0,8,,0,8,13,17,2,6,1,10,,-1,2,0,6,0,2,1,2
ID_AF3B980060CE4589,2,1,1,109,,0,8,13,17,2,6,1,10,2,0,9,15,26,4,6,4,18,,0,1,2,9,2,0,3,8
ID_AF3B980060CE4589,3,1,1,120,2,0,9,15,26,4,6,4,18,4,2,10,17,37,3,8,7,10,2,2,1,2,11,-1,2,3,-8
ID_AF3B980060CE4589,4,1,1,133,4,2,10,17,37,3,8,7,10,2,5,10,,32,6,8,7,19,-2,3,0,,-5,3,0,0,9
ID_AF3B980060CE4589,5,1,1,142,2,5,10,,32,6,8,7,19,,,,,,,,,,,,,,,,,,
ID_BDF256F2779B1977,1,1,1,74,,1,4,0,0,0,1,0,6,,0,4,0,2,0,1,0,6,,-1,0,0,2,0,0,0,0
ID_BDF256F2779B1977,2,1,1,87,,0,4,0,2,0,1,0,6,1,0,5,2,12,0,3,0,8,,0,1,2,10,0,2,0,2
ID_BDF256F2779B1977,3,1,1,98,1,0,5,2,12,0,3,0,8,1,0,4,4,22,2,2,1,7,0,0,-1,2,10,2,-1,1,-1
ID_BDF256F2779B1977,4,1,1,110,1,0,4,4,22,2,2,1,7,1,0,5,,29,7,3,4,7,0,0,1,,7,5,1,3,0
ID_BDF256F2779B1977,5,1,1,119,1,0,5,,29,7,3,4,7,,,,,,,,,,,,,,,,,,
ID_C543B321675C0305,1,1,1,104,,2,8,10,25,1,7,4,10,,3,8,10,34,2,8,5,15,,1,0,0,9,1,1,1,5
ID_C543B321675C0305,2,1,1,117,,3,8,10,34,2,8,5,15,3,7,8,18,42,4,10,11,14,,4,0,8,8,2,2,6,-1
ID_C543B321675C0305,3,1,1,128,3,7,8,18,42,4,10,11,14,3,9,12,17,51,6,11,12,18,0,2,4,-1,9,2,1,1,4
ID_C543B321675C0305,4,1,1,142,3,9,12,17,51,6,11,12,18,4,8,14,,52,9,9,12,15,1,-1,2,,1,3,-2,0,-3
ID_C543B321675C0305,5,1,1,150,4,8,14,,52,9,9,12,15,,,,,,,,,,,,,,,,,,
ID_CCB7B6517A2D6FBA,1,1,1,90,,2,7,11,15,3,6,0,11,,5,8,16,24,4,9,3,11,,3,1,5,9,1,3,3,0
ID_CCB7B6517A2D6FBA,2,1,1,102,,5,8,16,24,4,9,3,11,3,7,11,17,29,6,10,4,12,,2,3,1,5,2,1,1,1
ID_CCB7B6517A2D6FBA,3,1,1,113,3,7,11,17,29,6,10,4,12,5,8,8,20,39,6,10,7,13,2,1,-3,3,10,0,0,3,1
ID_CCB7B6517A2D6FBA,4,1,1,125,5,8,8,20,39,6,10,7,13,5,8,10,,43,6,11,15,14,0,0,2,,4,0,1,8,1
ID_CCB7B6517A2D6FBA,5,1,1,134,5,8,10,,43,6,11,15,14,,,,,,,,,,,,,,,,,,
ID_D54815AD04B26AA2,1,1,0,101,,7,8,14,46,,10,12,9,,7,11,16,56,2,10,14,15,,0,3,2,10,,0,2,6
ID_D54815AD04B26AA2,2,1,0,112,,7,11,16,56,2,10,14,15,2,7,10,19,60,4,9,12,16,,0,-1,3,4,2,-1,-2,1
ID_D54815AD04B26AA2,3,1,0,123,2,7,10,19,60,4,9,12,16,4,7,11,25,66,3,9,16,10,2,0,1,6,6,-1,0,4,-6
ID_D54815AD04B26AA2,4,1,0,136,4,7,11,25,66,3,9,16,10,4,7,8,,66,5,10,14,14,0,0,-3,,0,2,1,-2,4
ID_D54815AD04B26AA2,5,1,0,145,4,7,8,,66,5,10,14,14,,,,,,,,,,,,,,,,,,
ID_E07756A2D0B1FAB8,1,1,1,99,,1,5,13,10,2,6,0,10,,1,7,14,15,1,7,1,14,,0,2,1,5,-1,1,1,4
ID_E07756A2D0B1FAB8,2,1,1,112,,1,7,14,15,1,7,1,14,3,6,4,15,20,3,9,1,16,,5,-3,1,5,2,2,0,2
ID_E07756A2D0B1FAB8,3,1,1,123,3,6,4,15,20,3,9,1,16,3,7,5,18,24,3,7,2,18,0,1,1,3,4,0,-2,1,2
ID_E07756A2D0B1FAB8,4,1,1,135,3,7,5,18,24,3,7,2,18,1,7,5,,23,3,7,6,23,-2,0,0,,-1,0,0,4,5
ID_E07756A2D0B1FAB8,5,1,1,144,1,7,5,,23,3,7,6,23,,,,,,,,,,,,,,,,,,
ID_E83BFEF533533633,1,1,0,104,,7,10,18,49,7,9,8,9,,7,9,21,55,8,11,10,12,,0,-1,3,6,1,2,2,3
ID_E83BFEF533533633,2,1,0,116,,7,9,21,55,8,11,10,12,2,7,10,19,61,11,11,15,15,,0,1,-2,6,3,0,5,3
ID_E83BFEF533533633,3,1,0,128,2,7,10,19,61,11,11,15,15,4,7,13,33,64,12,11,10,15,2,0,3,14,3,1,0,-5,0
ID_E83BFEF533533633,4,1,0,142,4,7,13,33,64,12,11,10,15,4,8,10,,69,12,12,11,14,0,1,-3,,5,0,1,1,-1
ID_E83BFEF533533633,5,1,0,150,4,8,10,,69,12,12,11,14,,,,,,,,,,,,,,,,,,
ID_ED84206386EB0A70,1,1,0,85,,0,1,3,2,0,5,0,9,,0,8,12,11,0,6,0,9,,0,7,9,9,0,1,0,0
ID_ED84206386EB0A70,2,1,0,95,,0,8,12,11,0,6,0,9,1,0,9,5,10,0,8,1,15,,0,1,-7,-1,0,2,1,6
ID_ED84206386EB0A70,3,1,0,108,1,0,9,5,10,0,8,1,15,0,0,7,7,15,0,6,0,14,-1,0,-2,2,5,0,-2,-1,-1
ID_ED84206386EB0A70,4,1,0,120,0,0,7,7,15,0,6,0,14,1,1,7,,16,2,5,0,13,1,1,0,,1,2,-1,0,-1
ID_ED84206386EB0A70,5,1,0,132,1,1,7,,16,2,5,0,13,,,,,,,,,,,,,,,,,,
ID_FC9B1D5B3B72345F,1,1,1,84,,1,6,10,21,3,6,0,9,,0,7,14,31,4,7,5,8,,-1,1,4,10,1,1,5,-1
ID_FC9B1D5B3B72345F,2,1,1,94,,0,7,14,31,4,7,5,8,2,4,8,19,44,7,9,9,10,,4,1,5,13,3,2,4,2
ID_FC9B1D5B3B72345F,3,1,1,106,2,4,8,19,44,7,9,9,10,1,5,11,18,52,7,12,11,11,-1,1,3,-1,8,0,3,2,1
ID_FC9B1D5B3B72345F,4,1,1,118,1,5,11,18,52,7,12,11,11,2,6,11,,63,11,10,16,10,1,1,0,,11,4,-2,5,-1
ID_FC9B1D5B3B72345F,5,1,1,126,2,6,11,,63,11,10,16,10,,,,,,,,,,,,,,,,,,
ID_00FE528D4384C8FF,1,2,1,77,,7,15,28,29,5,,8,18,,8,19,38,55,8,15,16,24,,1,4,10,26,3,,8,6
ID_00FE528D4384C8FF,2,2,1,85,,8,19,38,55,8,15,16,24,8,10,16,36,55,10,17,13,18,,2,-3,-2,0,2,2,-3,-6
ID_00FE528D4384C8FF,3,2,1,96,8,10,16,36,55,10,17,13,18,9,12,23,46,65,12,17,22,19,1,2,7,10,10,2,0,9,1
ID_00FE528D4384C8FF,4,2,1,109,9,12,23,46,65,12,17,22,19,,,,,,,,,,,,,,,,,,
ID_00FE528D4384C8FF,5,2,1,,,,,,,,,,,,,,,,,,,,,,,,,,,,
ID_02EE0243F2A72063,1,2,1,102,,7,20,47,60,10,12,16,16,,11,21,47,73,13,16,18,18,,4,1,0,13,3,4,2,2
ID_02EE0243F2A72063,2,2,1,115,,11,21,47,73,13,16,18,18,13,13,26,51,73,15,18,16,19,,2,5,4,0,2,2,-2,1
ID_02EE0243F2A72063,3,2,1,127,13,13,26,51,73,15,18,16,19,,,,,,,,,,,,,,,,,,
ID_02EE0243F2A72063,4,2,1,,,,,,,,,,,,,,,,,,,,,,,,,,,,
ID_02EE0243F2A72063,5,2,1,,,,,,,,,,,,,,,,,,,,,,,,,,,,
ID_055EAE3C1226BCF0,1,2,0,70,,8,20,26,8,2,14,2,18,,9,21,38,19,6,14,3,17,,1,1,12,11,4,0,1,-1
ID_055EAE3C1226BCF0,2,2,0,81,,9,21,38,19,6,14,3,17,,,,,,,,,,,,,,,,,,
ID_055EAE3C1226BCF0,3,2,0,,,,,,,,,,,22,12,23,49,82,16,18,22,23,,,,,,,,,
ID_055EAE3C1226BCF0,4,2,0,105,22,12,23,49,82,16,18,22,23,,,,,,,,,,,,,,,,,,
ID_055EAE3C1226BCF0,5,2,0,,,,,,,,,,,,,,,,,,,,,,,,,,,,
ID_0879BA123345587B,1,2,0,114,,13,18,46,80,15,18,27,29,,,,,,,,,,,,,,,,,,
ID_0879BA123345587B,2,2,0,,,,,,,,,,,,,,,,,,,,,,,,,,,,
ID_0879BA123345587B,3,2,0,,,,,,,,,,,,,,,,,,,,,,,,,,,,
ID_0879BA123345587B,4,2,0,,,,,,,,,,,,,,,,,,,,,,,,,,,,
ID_0879BA123345587B,5,2,0,,,,,,,,,,,,,,,,,,,,,,,,,,,,
ID_11BBBF56A345D205,1,2,1,90,,6,10,19,14,3,8,2,13,,7,16,28,22,6,12,1,14,,1,6,9,8,3,4,-1,1
ID_11BBBF56A345D205,2,2,1,102,,7,16,28,22,6,12,1,14,5,9,16,36,38,8,13,11,16,,2,0,8,16,2,1,10,2
ID_11BBBF56A345D205,3,2,1,112,5,9,16,36,38,8,13,11,16,,,,,,,,,,,,,,,,,,
ID_11BBBF56A345D205,4,2,1,,,,,,,,,,,,,,,,,,,,,,,,,,,,
ID_11BBBF56A345D205,5,2,1,,,,,,,,,,,,,,,,,,,,,,,,,,,,
ID_11E57584EF5DFA66,1,2,1,55,,0,12,21,0,0,13,0,7,,8,18,23,15,1,14,0,15,,8,6,2,15,1,1,0,8
ID_11E57584EF5DFA66,2,2,1,62,,8,18,23,15,1,14,0,15,5,10,20,35,51,9,16,13,13,,2,2,12,36,8,2,13,-2
ID_11E57584EF5DFA66,3,2,1,74,5,10,20,35,51,9,16,13,13,11,14,19,33,71,12,18,21,17,6,4,-1,-2,20,3,2,8,4
ID_11E57584EF5DFA66,4,2,1,86,11,14,19,33,71,12,18,21,17,,,,,,,,,,,,,,,,,,
ID_11E57584EF5DFA66,5,2,1,,,,,,,,,,,,,,,,,,,,,,,,,,,,
ID_156F9AAEDA26DC29,1,2,1,89,,11,20,,52,,17,16,17,,10,23,49,61,13,19,18,17,,-1,3,,9,,2,2,0
ID_156F9AAEDA26DC29,2,2,1,97,,10,23,49,61,13,19,18,17,19,10,21,53,76,12,19,21,16,,0,-2,4,15,-1,0,3,-1
ID_156F9AAEDA26DC29,3,2,1,108,19,10,21,53,76,12,19,21,16,22,14,25,60,79,14,19,23,21,3,4,4,7,3,2,0,2,5
ID_156F9AAEDA26DC29,4,2,1,121,22,14,25,60,79,14,19,23,21,,,,,,,,,,,,,,,,,,
ID_156F9AAEDA26DC29,5,2,1,,,,,,,,,,,,,,,,,,,,,,,,,,,,
ID_16E6969BF3A05DB9,1,2,1,71,,8,15,29,25,,15,3,15,,8,20,33,56,7,17,14,16,,0,5,4,31,,2,11,1
ID_16E6969BF3A05DB9,2,2,1,78,,8,20,33,56,7,17,14,16,13,8,20,38,64,11,20,17,21,,0,0,5,8,4,3,3,5
ID_16E6969BF3A05DB9,3,2,1,90,13,8,20,38,64,11,20,17,21,22,12,21,49,82,12,19,22,22,9,4,1,11,18,1,-1,5,1
ID_16E6969BF3A05DB9,4,2,1,102,22,12,21,49,82,12,19,22,22,,,,,,,,,,,,,,,,,,
ID_16E6969BF3A05DB9,5,2,1,,,,,,,,,,,,,,,,,,,,,,,,,,,,
ID_1A0EE71DB43CDF17,1,2,1,97,,8,17,43,51,9,17,18,17,,11,20,48,76,13,18,22,21,,3,3,5,25,4,1,4,4
ID_1A0EE71DB43CDF17,2,2,1,110,,11,20,48,76,13,18,22,21,14,13,22,51,83,16,19,24,22,,2,2,3,7,3,1,2,1
ID_1A0EE71DB43CDF17,3,2,1,121,14,13,22,51,83,16,19,24,22,21,13,24,58,86,15,19,26,20,7,0,2,7,3,-1,0,2,-2
ID_1A0EE71DB43CDF17,4,2,1,134,21,13,24,58,86,15,19,26,20,,,,,,,,,,,,,,,,,,
ID_1A0EE71DB43CDF17,5,2,1,,,,,,,,,,,,,,,,,,,,,,,,,,,,
ID_1D65D46321DB7943,1,2,1,65,,5,14,27,6,2,10,0,14,,6,23,32,19,5,13,1,9,,1,9,5,13,3,3,1,-5
ID_1D65D46321DB7943,2,2,1,73,,6,23,32,19,5,13,1,9,2,8,22,33,37,7,13,10,16,,2,-1,1,18,2,0,9,7
ID_1D65D46321DB7943,3,2,1,85,2,8,22,33,37,7,13,10,16,8,11,23,39,62,10,17,19,18,6,3,1,6,25,3,4,9,2
ID_1D65D46321DB7943,4,2,1,97,8,11,23,39,62,10,17,19,18,,,,,,,,,,,,,,,,,,
ID_1D65D46321DB7943,5,2,1,,,,,,,,,,,,,,,,,,,,,,,,,,,,
ID_1E4CA008E05A62ED,1,2,0,85,,12,21,40,49,7,17,14,15,,12,17,47,68,8,17,22,22,,0,-4,7,19,1,0,8,7
ID_1E4CA008E05A62ED,2,2,0,97,,12,17,47,68,8,17,22,22,11,12,19,49,77,14,19,20,20,,0,2,2,9,6,2,-2,-2
ID_1E4CA008E05A62ED,3,2,0,108,11,12,19,49,77,14,19,20,20,,,,,,,,,,,,,,,,,,
ID_1E4CA008E05A62ED,4,2,0,,,,,,,,,,,,,,,,,,,,,,,,,,,,
ID_1E4CA008E05A62ED,5,2,0,,,,,,,,,,,,,,,,,,,,,,,,,,,,
ID_1FA781A3F439C542,1,2,1,75,,10,19,36,26,7,16,4,15,,11,24,48,62,12,19,17,19,,1,5,12,36,5,3,13,4
ID_1FA781A3F439C542,2,2,1,87,,11,24,48,62,12,19,17,19,11,11,22,48,71,15,18,21,19,,0,-2,0,9,3,-1,4,0
ID_1FA781A3F439C542,3,2,1,98,11,11,22,48,71,15,18,21,19,16,13,26,56,78,16,19,25,20,5,2,4,8,7,1,1,4,1
ID_1FA781A3F439C542,4,2,1,110,16,13,26,56,78,16,19,25,20,,,,,,,,,,,,,,,,,,
ID_1FA781A3F439C542,5,2,1,,,,,,,,,,,,,,,,,,,,,,,,,,,,
ID_2435FF72FABB8C47,1,2,1,84,,12,24,34,40,9,19,9,19,,15,25,47,56,10,19,20,22,,3,1,13,16,1,0,11,3
ID_2435FF72FABB8C47,2,2,1,95,,15,25,47,56,10,19,20,22,13,16,25,46,76,13,19,20,22,,1,0,-1,20,3,0,0,0
ID_2435FF72FABB8C47,3,2,1,106,13,16,25,46,76,13,19,20,22,,,,,,,,,,,,,,,,,,
ID_2435FF72FABB8C47,4,2,1,,,,,,,,,,,,,,,,,,,,,,,,,,,,
ID_2435FF72FABB8C47,5,2,1,,,,,,,,,,,,,,,,,,,,,,,,,,,,
ID_2983A4C700F1D90E,1,2,0,95,,8,19,36,65,11,17,13,23,,13,26,50,76,14,18,19,19,,5,7,14,11,3,1,6,-4
ID_2983A4C700F1D90E,2,2,0,108,,13,26,50,76,14,18,19,19,14,12,25,54,83,14,19,25,24,,-1,-1,4,7,0,1,6,5
ID_2983A4C700F1D90E,3,2,0,118,14,12,25,54,83,14,19,25,24,12,14,26,60,86,16,19,29,24,-2,2,1,6,3,2,0,4,0
ID_2983A4C700F1D90E,4,2,0,131,12,14,26,60,86,16,19,29,24,,,,,,,,,,,,,,,,,,
ID_2983A4C700F1D90E,5,2,0,,,,,,,,,,,,,,,,,,,,,,,,,,,,
ID_34F8D30233D9B493,1,2,0,105,,10,20,51,77,14,17,20,19,,14,19,54,79,16,18,21,19,,4,-1,3,2,2,1,1,0
ID_34F8D30233D9B493,2,2,0,115,,14,19,54,79,16,18,21,19,10,14,22,59,83,16,18,24,20,,0,3,5,4,0,0,3,1
ID_34F8D30233D9B493,3,2,0,127,10,14,22,59,83,16,18,24,20,18,16,24,59,84,17,19,22,25,8,2,2,0,1,1,1,-2,5
ID_34F8D30233D9B493,4,2,0,140,18,16,24,59,84,17,19,22,25,,,,,,,,,,,,,,,,,,
ID_34F8D30233D9B493,5,2,0,,,,,,,,,,,,,,,,,,,,,,,,,,,,
ID_4F219F9A6D5410E9,1,2,0,83,,7,17,25,17,4,13,2,17,,,,,,,,,,,,,,,,,,
ID_4F219F9A6D5410E9,2,2,0,,,,,,,,,,,,,,,,,,,,,,,,,,,,
ID_4F219F9A6D5410E9,3,2,0,,,,,,,,,,,,,,,,,,,,,,,,,,,,
ID_4F219F9A6D5410E9,4,2,0,,,,,,,,,,,,,,,,,,,,,,,,,,,,
ID_4F219F9A6D5410E9,5,2,0,,,,,,,,,,,,,,,,,,,,,,,,,,,,
ID_50FABE067EB6094E,1,2,0,95,,13,22,39,57,9,18,17,25,,13,18,40,65,10,18,20,22,,0,-4,1,8,1,0,3,-3
ID_50FABE067EB6094E,2,2,0,106,,13,18,40,65,10,18,20,22,11,17,19,50,77,13,19,23,27,,4,1,10,12,3,1,3,5
ID_50FABE067EB6094E,3,2,0,118,11,17,19,50,77,13,19,23,27,16,17,25,58,83,13,19,30,28,5,0,6,8,6,0,0,7,1
ID_50FABE067EB6094E,4,2,0,131,16,17,25,58,83,13,19,30,28,,,,,,,,,,,,,,,,,,
ID_50FABE067EB6094E,5,2,0,,,,,,,,,,,,,,,,,,,,,,,,,,,,
ID_55DFB5BA25DEB50C,1,2,1,124,,10,22,54,77,14,18,20,20,,10,21,52,78,15,19,22,21,,0,-1,-2,1,1,1,2,1
ID_55DFB5BA25DEB50C,2,2,1,136,,10,21,52,78,15,19,22,21,,,,,,,,,,,,,,,,,,
ID_55DFB5BA25DEB50C,3,2,1,,,,,,,,,,,,,,,,,,,,,,,,,,,,
ID_55DFB5BA25DEB50C,4,2,1,,,,,,,,,,,,,,,,,,,,,,,,,,,,
ID_55DFB5BA25DEB50C,5,2,1,,,,,,,,,,,,,,,,,,,,,,,,,,,,
ID_6C221F4CE1E5081E,1,2,0,102,,8,17,49,70,10,15,21,19,,14,24,49,79,13,18,22,21,,6,7,0,9,3,3,1,2
ID_6C221F4CE1E5081E,2,2,0,115,,14,24,49,79,13,18,22,21,14,15,24,55,84,16,19,25,21,,1,0,6,5,3,1,3,0
ID_6C221F4CE1E5081E,3,2,0,124,14,15,24,55,84,16,19,25,21,15,14,18,56,85,15,19,26,22,1,-1,-6,1,1,-1,0,1,1
ID_6C221F4CE1E5081E,4,2,0,138,15,14,18,56,85,15,19,26,22,,,,,,,,,,,,,,,,,,
ID_6C221F4CE1E5081E,5,2,0,,,,,,,,,,,,,,,,,,,,,,,,,,,,
ID_70F417B70E64FAAB,1,2,1,101,,9,21,43,55,10,15,16,19,,13,18,45,76,14,19,20,20,,4,-3,2,21,4,4,4,1
ID_70F417B70E64FAAB,2,2,1,112,,13,18,45,76,14,19,20,20,11,13,21,49,78,15,19,22,18,,0,3,4,2,1,0,2,-2
ID_70F417B70E64FAAB,3,2,1,123,11,13,21,49,78,15,19,22,18,12,14,24,53,83,17,19,24,21,1,1,3,4,5,2,0,2,3
ID_70F417B70E64FAAB,4,2,1,137,12,14,24,53,83,17,19,24,21,,,,,,,,,,,,,,,,,,
ID_70F417B70E64FAAB,5,2,1,,,,,,,,,,,,,,,,,,,,,,,,,,,,
ID_76A41FF7BBBC0068,1,2,0,85,,7,17,46,53,,15,14,18,,11,18,47,77,15,15,20,19,,4,1,1,24,,0,6,1
ID_76A41FF7BBBC0068,2,2,0,97,,11,18,47,77,15,15,20,19,12,10,21,48,79,15,17,20,21,,-1,3,1,2,0,2,0,2
ID_76A41FF7BBBC0068,3,2,0,107,12,10,21,48,79,15,17,20,21,16,12,25,55,87,17,18,24,21,4,2,4,7,8,2,1,4,0
ID_76A41FF7BBBC0068,4,2,0,121,16,12,25,55,87,17,18,24,21,,,,,,,,,,,,,,,,,,
ID_76A41FF7BBBC0068,5,2,0,,,,,,,,,,,,,,,,,,,,,,,,,,,,
ID_892DDE1EB22E996B,1,2,1,109,,13,16,49,59,13,19,20,21,,,,,,,,,,,,,,,,,,
ID_892DDE1EB22E996B,2,2,1,,,,,,,,,,,,,,,,,,,,,,,,,,,,
ID_892DDE1EB22E996B,3,2,1,,,,,,,,,,,,,,,,,,,,,,,,,,,,
ID_892DDE1EB22E996B,4,2,1,,,,,,,,,,,,,,,,,,,,,,,,,,,,
ID_892DDE1EB22E996B,5,2,1,,,,,,,,,,,,,,,,,,,,,,,,,,,,
ID_9CE32C826D0A9E89,1,2,0,99,,11,21,44,38,7,18,11,19,,15,22,44,53,10,18,12,24,,4,1,0,15,3,0,1,5
ID_9CE32C826D0A9E89,2,2,0,110,,15,22,44,53,10,18,12,24,19,14,19,49,62,14,19,20,27,,-1,-3,5,9,4,1,8,3
ID_9CE32C826D0A9E89,3,2,0,122,19,14,19,49,62,14,19,20,27,15,18,29,56,79,13,20,25,25,-4,4,10,7,17,-1,1,5,-2
ID_9CE32C826D0A9E89,4,2,0,135,15,18,29,56,79,13,20,25,25,,,,,,,,,,,,,,,,,,
ID_9CE32C826D0A9E89,5,2,0,,,,,,,,,,,,,,,,,,,,,,,,,,,,
ID_9ED651CDB3758F89,1,2,1,72,,7,22,28,18,4,10,3,17,,9,24,36,31,6,17,10,17,,2,2,8,13,2,7,7,0
ID_9ED651CDB3758F89,2,2,1,83,,9,24,36,31,6,17,10,17,,,,,,,,,,,,,,,,,,
ID_9ED651CDB3758F89,3,2,1,,,,,,,,,,,9,10,24,53,73,15,17,18,20,,,,,,,,,
ID_9ED651CDB3758F89,4,2,1,107,9,10,24,53,73,15,17,18,20,,,,,,,,,,,,,,,,,,
ID_9ED651CDB3758F89,5,2,1,,,,,,,,,,,,,,,,,,,,,,,,,,,,
ID_A5564F78EC767A76,1,2,0,85,,8,14,38,17,5,16,1,17,,10,13,47,31,6,18,2,16,,2,-1,9,14,1,2,1,-1
ID_A5564F78EC767A76,2,2,0,97,,10,13,47,31,6,18,2,16,11,13,17,47,31,7,18,9,21,,3,4,0,0,1,0,7,5
ID_A5564F78EC767A76,3,2,0,109,11,13,17,47,31,7,18,9,21,,,,,,,,,,,,,,,,,,
ID_A5564F78EC767A76,4,2,0,,,,,,,,,,,,,,,,,,,,,,,,,,,,
ID_A5564F78EC767A76,5,2,0,,,,,,,,,,,,,,,,,,,,,,,,,,,,
ID_ABB45DF880EC4318,1,2,0,97,,11,23,46,81,12,14,24,21,,15,24,50,85,14,19,22,18,,4,1,4,4,2,5,-2,-3
ID_ABB45DF880EC4318,2,2,0,108,,15,24,50,85,14,19,22,18,10,15,23,49,87,14,19,26,23,,0,-1,-1,2,0,0,4,5
ID_ABB45DF880EC4318,3,2,0,119,10,15,23,49,87,14,19,26,23,,,,,,,,,,,,,,,,,,
ID_ABB45DF880EC4318,4,2,0,,,,,,,,,,,,,,,,,,,,,,,,,,,,
ID_ABB45DF880EC4318,5,2,0,,,,,,,,,,,,,,,,,,,,,,,,,,,,
ID_B01E8DF640BAAB5B,1,2,0,78,,8,11,30,16,3,12,3,13,,9,17,36,38,6,14,11,16,,1,6,6,22,3,2,8,3
ID_B01E8DF640BAAB5B,2,2,0,88,,9,17,36,38,6,14,11,16,8,11,17,44,55,13,17,17,17,,2,0,8,17,7,3,6,1
ID_B01E8DF640BAAB5B,3,2,0,100,8,11,17,44,55,13,17,17,17,13,10,20,46,78,13,16,20,19,5,-1,3,2,23,0,-1,3,2
ID_B01E8DF640BAAB5B,4,2,0,112,13,10,20,46,78,13,16,20,19,,,,,,,,,,,,,,,,,,
ID_B01E8DF640BAAB5B,5,2,0,,,,,,,,,,,,,,,,,,,,,,,,,,,,
ID_BD000F93B6DDD123,1,2,0,105,,9,12,36,75,12,12,19,23,,8,16,43,83,16,15,21,22,,-1,4,7,8,4,3,2,-1
ID_BD000F93B6DDD123,2,2,0,115,,8,16,43,83,16,15,21,22,5,14,15,46,82,15,17,22,24,,6,-1,3,-1,-1,2,1,2
ID_BD000F93B6DDD123,3,2,0,127,5,14,15,46,82,15,17,22,24,6,15,16,46,85,16,17,24,25,1,1,1,0,3,1,0,2,1
ID_BD000F93B6DDD123,4,2,0,140,6,15,16,46,85,16,17,24,25,,,,,,,,,,,,,,,,,,
ID_BD000F93B6DDD123,5,2,0,,,,,,,,,,,,,,,,,,,,,,,,,,,,
ID_BFF0B3677A93B924,1,2,0,82,,8,18,31,20,5,15,2,15,,,,,,,,,,,,,,,,,,
ID_BFF0B3677A93B924,2,2,0,,,,,,,,,,,,,,,,,,,,,,,,,,,,
ID_BFF0B3677A93B924,3,2,0,,,,,,,,,,,,,,,,,,,,,,,,,,,,
ID_BFF0B3677A93B924,4,2,0,,,,,,,,,,,,,,,,,,,,,,,,,,,,
ID_BFF0B3677A93B924,5,2,0,,,,,,,,,,,,,,,,,,,,,,,,,,,,
ID_C81E0E015BE1D278,1,2,0,95,,11,16,45,59,12,14,17,,,11,17,46,74,12,17,23,22,,0,1,1,15,0,3,6,
ID_C81E0E015BE1D278,2,2,0,103,,11,17,46,74,12,17,23,22,10,14,21,51,73,14,19,24,22,,3,4,5,-1,2,2,1,0
ID_C81E0E015BE1D278,3,2,0,115,10,14,21,51,73,14,19,24,22,,,,,,,,,,,,,,,,,,
ID_C81E0E015BE1D278,4,2,0,,,,,,,,,,,,,,,,,,,,,,,,,,,,
ID_C81E0E015BE1D278,5,2,0,,,,,,,,,,,,,,,,,,,,,,,,,,,,
ID_CDE4C988C0B958FF,1,2,1,92,,13,33,44,71,10,18,20,18,,15,28,51,77,11,19,20,18,,2,-5,7,6,1,1,0,0
ID_CDE4C988C0B958FF,2,2,1,103,,15,28,51,77,11,19,20,18,14,17,33,57,79,15,19,25,22,,2,5,6,2,4,0,5,4
ID_CDE4C988C0B958FF,3,2,1,114,14,17,33,57,79,15,19,25,22,21,17,34,57,82,16,20,,25,7,0,1,0,3,1,1,,3
ID_CDE4C988C0B958FF,4,2,1,127,21,17,34,57,82,16,20,,25,,,,,,,,,,,,,,,,,,
ID_CDE4C988C0B958FF,5,2,1,,,,,,,,,,,,,,,,,,,,,,,,,,,,
ID_D01140B531544921,1,2,1,90,,10,18,42,35,8,18,13,18,,11,21,42,53,11,17,20,21,,1,3,0,18,3,-1,7,3
ID_D01140B531544921,2,2,1,101,,11,21,42,53,11,17,20,21,11,14,22,49,57,13,17,23,20,,3,1,7,4,2,0,3,-1
ID_D01140B531544921,3,2,1,111,11,14,22,49,57,13,17,23,20,13,15,21,56,77,17,18,27,23,2,1,-1,7,20,4,1,4,3
ID_D01140B531544921,4,2,1,126,13,15,21,56,77,17,18,27,23,,,,,,,,,,,,,,,,,,
ID_D01140B531544921,5,2,1,,,,,,,,,,,,,,,,,,,,,,,,,,,,
ID_D346BDDC4A274ED2,1,2,1,79,,10,12,16,8,2,14,0,17,,11,21,28,19,4,16,6,18,,1,9,12,11,2,2,6,1
ID_D346BDDC4A274ED2,2,2,1,90,,11,21,28,19,4,16,6,18,6,10,18,36,28,7,18,9,18,,-1,-3,8,9,3,2,3,0
ID_D346BDDC4A274ED2,3,2,1,101,6,10,18,36,28,7,18,9,18,5,12,18,44,49,9,16,13,19,-1,2,0,8,21,2,-2,4,1
ID_D346BDDC4A274ED2,4,2,1,113,5,12,18,44,49,9,16,13,19,,,,,,,,,,,,,,,,,,
ID_D346BDDC4A274ED2,5,2,1,,,,,,,,,,,,,,,,,,,,,,,,,,,,
ID_D59557E29BD3D4FA,1,2,1,74,,9,19,32,16,,16,1,16,,10,24,37,49,9,14,13,20,,1,5,5,33,,-2,12,4
ID_D59557E29BD3D4FA,2,2,1,86,,10,24,37,49,9,14,13,20,,,,,,,,,,,,,,,,,,
ID_D59557E29BD3D4FA,3,2,1,,,,,,,,,,,,,,,,,,,,,,,,,,,,
ID_D59557E29BD3D4FA,4,2,1,,,,,,,,,,,,,,,,,,,,,,,,,,,,
ID_D59557E29BD3D4FA,5,2,1,,,,,,,,,,,,,,,,,,,,,,,,,,,,
ID_DA6079F92EA54C19,1,2,1,94,,10,15,43,52,9,16,15,14,,9,18,51,55,12,17,19,17,,-1,3,8,3,3,1,4,3
ID_DA6079F92EA54C19,2,2,1,105,,9,18,51,55,12,17,19,17,12,13,19,51,65,14,16,20,19,,4,1,0,10,2,-1,1,2
ID_DA6079F92EA54C19,3,2,1,117,12,13,19,51,65,14,16,20,19,,,,,,,,,,,,,,,,,,
ID_DA6079F92EA54C19,4,2,1,,,,,,,,,,,,,,,,,,,,,,,,,,,,
ID_DA6079F92EA54C19,5,2,1,,,,,,,,,,,,,,,,,,,,,,,,,,,,
ID_DC896B6EFF74C6B1,1,2,1,76,,7,15,26,9,4,13,3,15,,7,19,35,57,10,17,17,13,,0,4,9,48,6,4,14,-2
ID_DC896B6EFF74C6B1,2,2,1,87,,7,19,35,57,10,17,17,13,5,11,18,49,73,11,18,16,14,,4,-1,14,16,1,1,-1,1
ID_DC896B6EFF74C6B1,3,2,1,99,5,11,18,49,73,11,18,16,14,,,,,,,,,,,,,,,,,,
ID_DC896B6EFF74C6B1,4,2,1,,,,,,,,,,,,,,,,,,,,,,,,,,,,
ID_DC896B6EFF74C6B1,5,2,1,,,,,,,,,,,,,,,,,,,,,,,,,,,,
ID_DF95E2D7EB4E85CD,1,2,0,125,,15,17,41,84,15,19,25,,,17,19,52,85,16,19,31,27,,2,2,11,1,1,0,6,
ID_DF95E2D7EB4E85CD,2,2,0,137,,17,19,52,85,16,19,31,27,,,,,,,,,,,,,,,,,,
ID_DF95E2D7EB4E85CD,3,2,0,,,,,,,,,,,,,,,,,,,,,,,,,,,,
ID_DF95E2D7EB4E85CD,4,2,0,,,,,,,,,,,,,,,,,,,,,,,,,,,,
ID_DF95E2D7EB4E85CD,5,2,0,,,,,,,,,,,,,,,,,,,,,,,,,,,,
ID_E051CB3BEA7CC51E,1,2,1,76,,6,19,22,36,6,14,5,12,,7,18,34,59,9,14,15,15,,1,-1,12,23,3,0,10,3
ID_E051CB3BEA7CC51E,2,2,1,83,,7,18,34,59,9,14,15,15,2,10,24,38,68,11,17,15,17,,3,6,4,9,2,3,0,2
ID_E051CB3BEA7CC51E,3,2,1,95,2,10,24,38,68,11,17,15,17,6,9,23,47,79,12,19,20,16,4,-1,-1,9,11,1,2,5,-1
ID_E051CB3BEA7CC51E,4,2,1,107,6,9,23,47,79,12,19,20,16,,,,,,,,,,,,,,,,,,
ID_E051CB3BEA7CC51E,5,2,1,,,,,,,,,,,,,,,,,,,,,,,,,,,,
ID_E0DB405E88C43EDD,1,2,0,59,,4,16,21,1,0,14,0,8,,8,19,26,7,0,14,0,14,,4,3,5,6,0,0,0,6
ID_E0DB405E88C43EDD,2,2,0,66,,8,19,26,7,0,14,0,14,5,11,21,28,14,3,17,8,16,,3,2,2,7,3,3,8,2
ID_E0DB405E88C43EDD,3,2,0,78,5,11,21,28,14,3,17,8,16,8,12,18,33,47,5,16,14,18,3,1,-3,5,33,2,-1,6,2
ID_E0DB405E88C43EDD,4,2,0,90,8,12,18,33,47,5,16,14,18,,,,,,,,,,,,,,,,,,
ID_E0DB405E88C43EDD,5,2,0,,,,,,,,,,,,,,,,,,,,,,,,,,,,
ID_EE33DA8B6450D8EC,1,2,0,64,,6,14,24,15,3,9,0,10,,4,16,36,31,7,9,7,12,,-2,2,12,16,4,0,7,2
ID_EE33DA8B6450D8EC,2,2,0,72,,4,16,36,31,7,9,7,12,6,9,19,44,55,12,13,15,14,,5,3,8,24,5,4,8,2
ID_EE33DA8B6450D8EC,3,2,0,84,6,9,19,44,55,12,13,15,14,11,10,20,46,71,15,17,17,18,5,1,1,2,16,3,4,2,4
ID_EE33DA8B6450D8EC,4,2,0,96,11,10,20,46,71,15,17,17,18,,,,,,,,,,,,,,,,,,
ID_EE33DA8B6450D8EC,5,2,0,,,,,,,,,,,,,,,,,,,,,,,,,,,,
ID_F5EA5C2FDD210FE9,1,2,0,71,,9,20,29,28,6,15,6,16,,,16,42,58,10,16,12,21,,,-4,13,30,4,1,6,5
ID_F5EA5C2FDD210FE9,2,2,0,82,,,16,42,58,10,16,12,21,13,13,23,50,76,11,17,22,19,,,7,8,18,1,1,10,-2
ID_F5EA5C2FDD210FE9,3,2,0,93,13,13,23,50,76,11,17,22,19,13,15,22,46,77,15,18,26,20,0,2,-1,-4,1,4,1,4,1
ID_F5EA5C2FDD210FE9,4,2,0,105,13,15,22,46,77,15,18,26,20,,,,,,,,,,,,,,,,,,
ID_F5EA5C2FDD210FE9,5,2,0,,,,,,,,,,,,,,,,,,,,,,,,,,,,
ID_FCFADAABD5A02378,1,2,1,119,,12,21,44,84,18,18,25,,,12,24,53,85,16,18,22,23,,0,3,9,1,-2,0,-3,
ID_FCFADAABD5A02378,2,2,1,131,,12,24,53,85,16,18,22,23,,,,,,,,,,,,,,,,,,
ID_FCFADAABD5A02378,3,2,1,,,,,,,,,,,,,,,,,,,,,,,,,,,,
ID_FCFADAABD5A02378,4,2,1,,,,,,,,,,,,,,,,,,,,,,,,,,,,
ID_FCFADAABD5A02378,5,2,1,,,,,,,,,,,,,,,,,,,,,,,,,,,,
ID_096160E65C5F3292,1,3,0,100,,8,17,31,13,5,10,1,15,,9,19,37,32,6,9,6,20,,1,2,6,19,1,-1,5,5
ID_096160E65C5F3292,2,3,0,111,,9,19,37,32,6,9,6,20,7,9,22,46,43,10,16,10,20,,0,3,9,11,4,7,4,0
ID_096160E65C5F3292,3,3,0,122,7,9,22,46,43,10,16,10,20,14,13,21,49,52,11,18,16,20,7,4,-1,3,9,1,2,6,0
ID_096160E65C5F3292,4,3,0,136,14,13,21,49,52,11,18,16,20,,,,,,,,,,,,,,,,,,
ID_096160E65C5F3292,5,3,0,,,,,,,,,,,,,,,,,,,,,,,,,,,,
ID_0BAE674569EA8AF3,1,3,0,108,,9,21,35,18,6,13,2,,,10,20,39,31,8,16,14,16,,1,-1,4,13,2,3,12,
ID_0BAE674569EA8AF3,2,3,0,119,,10,20,39,31,8,16,14,16,,,,,,,,,,,,,,,,,,
ID_0BAE674569EA8AF3,3,3,0,,,,,,,,,,,,,,,,,,,,,,,,,,,,
ID_0BAE674569EA8AF3,4,3,0,,,,,,,,,,,,,,,,,,,,,,,,,,,,
ID_0BAE674569EA8AF3,5,3,0,,,,,,,,,,,,,,,,,,,,,,,,,,,,
ID_2EB4DA2D8550E0CF,1,3,1,119,,15,21,50,50,12,19,18,24,,15,20,54,61,11,18,22,25,,0,-1,4,11,-1,-1,4,1
ID_2EB4DA2D8550E0CF,2,3,1,130,,15,20,54,61,11,18,22,25,,,,,,,,,,,,,,,,,,
ID_2EB4DA2D8550E0CF,3,3,1,,,,,,,,,,,,,,,,,,,,,,,,,,,,
ID_2EB4DA2D8550E0CF,4,3,1,,,,,,,,,,,,,,,,,,,,,,,,,,,,
ID_2EB4DA2D8550E0CF,5,3,1,,,,,,,,,,,,,,,,,,,,,,,,,,,,
ID_4083C0C9D3FBAD84,1,3,1,63,,6,14,22,1,0,11,0,15,,,,,,,,,,,,,,,,,,
ID_4083C0C9D3FBAD84,2,3,1,,,,,,,,,,,4,9,21,33,39,6,18,11,15,,,,,,,,,
ID_4083C0C9D3FBAD84,3,3,1,82,4,9,21,33,39,6,18,11,15,5,11,18,28,70,13,18,16,20,1,2,-3,-5,31,7,0,5,5
ID_4083C0C9D3FBAD84,4,3,1,94,5,11,18,28,70,13,18,16,20,,,,,,,,,,,,,,,,,,
ID_4083C0C9D3FBAD84,5,3,1,,,,,,,,,,,,,,,,,,,,,,,,,,,,
ID_55F5B270EDC95F0E,1,3,1,101,,10,17,36,34,8,18,11,18,,11,19,41,49,9,16,18,17,,1,2,5,15,1,-2,7,-1
ID_55F5B270EDC95F0E,2,3,1,112,,11,19,41,49,9,16,18,17,14,10,18,50,55,13,,17,20,,-1,-1,9,6,4,,-1,3
ID_55F5B270EDC95F0E,3,3,1,123,14,10,18,50,55,13,,17,20,16,14,22,56,64,14,19,26,20,2,4,4,6,9,1,,9,0
ID_55F5B270EDC95F0E,4,3,1,136,16,14,22,56,64,14,19,26,20,,,,,,,,,,,,,,,,,,
ID_55F5B270EDC95F0E,5,3,1,,,,,,,,,,,,,,,,,,,,,,,,,,,,
ID_5BDA0470C4AF7F19,1,3,0,73,,4,12,22,7,2,8,1,10,,7,16,41,26,8,14,2,16,,3,4,19,19,6,6,1,6
ID_5BDA0470C4AF7F19,2,3,0,84,,7,16,41,26,8,14,2,16,,,,,,,,,,,,,,,,,,
ID_5BDA0470C4AF7F19,3,3,0,,,,,,,,,,,,,,,,,,,,,,,,,,,,
ID_5BDA0470C4AF7F19,4,3,0,,,,,,,,,,,,,,,,,,,,,,,,,,,,
ID_5BDA0470C4AF7F19,5,3,0,,,,,,,,,,,,,,,,,,,,,,,,,,,,
ID_5C01D237C39288FF,1,3,1,74,,6,20,28,14,5,14,2,13,,9,23,43,32,9,16,11,14,,3,3,15,18,4,2,9,1
ID_5C01D237C39288FF,2,3,1,86,,9,23,43,32,9,16,11,14,7,8,27,48,53,11,16,15,14,,-1,4,5,21,2,0,4,0
ID_5C01D237C39288FF,3,3,1,97,7,8,27,48,53,11,16,15,14,,,,,,,,,,,,,,,,,,
ID_5C01D237C39288FF,4,3,1,,,,,,,,,,,,,,,,,,,,,,,,,,,,
ID_5C01D237C39288FF,5,3,1,,,,,,,,,,,,,,,,,,,,,,,,,,,,
ID_5C3C9E3CCCE751DB,1,3,0,62,,4,6,24,0,,6,0,14,,6,20,30,6,0,16,1,13,,2,14,6,6,,10,1,-1
ID_5C3C9E3CCCE751DB,2,3,0,73,,6,20,30,6,0,16,1,13,6,7,16,31,10,1,15,0,16,,1,-4,1,4,1,-1,-1,3
ID_5C3C9E3CCCE751DB,3,3,0,83,6,7,16,31,10,1,15,0,16,10,11,23,35,19,4,18,4,16,4,4,7,4,9,3,3,4,0
ID_5C3C9E3CCCE751DB,4,3,0,98,10,11,23,35,19,4,18,4,16,,,,,,,,,,,,,,,,,,
ID_5C3C9E3CCCE751DB,5,3,0,,,,,,,,,,,,,,,,,,,,,,,,,,,,
ID_6F9E46922297033E,1,3,1,61,,3,10,16,1,0,7,0,8,,6,13,23,12,3,12,1,9,,3,3,7,11,3,5,1,1
ID_6F9E46922297033E,2,3,1,73,,6,13,23,12,3,12,1,9,5,7,14,36,23,7,10,4,14,,1,1,13,11,4,-2,3,5
ID_6F9E46922297033E,3,3,1,84,5,7,14,36,23,7,10,4,14,,,,,,,,,,,,,,,,,,
ID_6F9E46922297033E,4,3,1,,,,,,,,,,,,,,,,,,,,,,,,,,,,
ID_6F9E46922297033E,5,3,1,,,,,,,,,,,,,,,,,,,,,,,,,,,,
ID_7847B7907A2A14BA,1,3,0,73,,,,23,4,,,0,12,,8,14,26,15,4,13,2,15,,,,3,11,,,2,3
ID_7847B7907A2A14BA,2,3,0,81,,8,14,26,15,4,13,2,15,4,9,18,41,24,7,16,4,17,,1,4,15,9,3,3,2,2
ID_7847B7907A2A14BA,3,3,0,93,4,9,18,41,24,7,16,4,17,12,11,17,49,37,7,17,10,18,8,2,-1,8,13,0,1,6,1
ID_7847B7907A2A14BA,4,3,0,105,12,11,17,49,37,7,17,10,18,,,,,,,,,,,,,,,,,,
ID_7847B7907A2A14BA,5,3,0,,,,,,,,,,,,,,,,,,,,,,,,,,,,
ID_7E893C36E82AFC4D,1,3,0,59,,,6,,0,,2,0,10,,3,7,12,1,0,9,0,10,,,1,,1,,7,0,0
ID_7E893C36E82AFC4D,2,3,0,70,,3,7,12,1,0,9,0,10,,,,,,,,,,,,,,,,,,
ID_7E893C36E82AFC4D,3,3,0,,,,,,,,,,,2,8,12,24,19,3,15,4,17,,,,,,,,,
ID_7E893C36E82AFC4D,4,3,0,94,2,8,12,24,19,3,15,4,17,,,,,,,,,,,,,,,,,,
ID_7E893C36E82AFC4D,5,3,0,,,,,,,,,,,,,,,,,,,,,,,,,,,,
ID_7F4AB6CDD992686A,1,3,0,105,,8,14,20,30,4,10,7,17,,10,16,26,40,5,12,13,20,,2,2,6,10,1,2,6,3
ID_7F4AB6CDD992686A,2,3,0,116,,10,16,26,40,5,12,13,20,6,9,18,31,45,9,14,15,21,,-1,2,5,5,4,2,2,1
ID_7F4AB6CDD992686A,3,3,0,127,6,9,18,31,45,9,14,15,21,9,9,16,44,48,9,17,16,20,3,0,-2,13,3,0,3,1,-1
ID_7F4AB6CDD992686A,4,3,0,141,9,9,16,44,48,9,17,16,20,,,,,,,,,,,,,,,,,,
ID_7F4AB6CDD992686A,5,3,0,,,,,,,,,,,,,,,,,,,,,,,,,,,,
ID_90697FAADD734ADF,1,3,1,97,,10,16,33,32,4,16,8,17,,11,19,41,70,11,18,18,19,,1,3,8,38,7,2,10,2
ID_90697FAADD734ADF,2,3,1,110,,11,19,41,70,11,18,18,19,7,12,16,47,78,14,15,19,20,,1,-3,6,8,3,-3,1,1
ID_90697FAADD734ADF,3,3,1,120,7,12,16,47,78,14,15,19,20,10,13,23,52,79,16,19,21,20,3,1,7,5,1,2,4,2,0
ID_90697FAADD734ADF,4,3,1,133,10,13,23,52,79,16,19,21,20,,,,,,,,,,,,,,,,,,
ID_90697FAADD734ADF,5,3,1,,,,,,,,,,,,,,,,,,,,,,,,,,,,
ID_A5305167D0CAEBA7,1,3,0,114,,,,,48,,14,13,,,,,,,,,,,,,,,,,,,
ID_A5305167D0CAEBA7,2,3,0,,,,,,,,,,,,,,,,,,,,,,,,,,,,
ID_A5305167D0CAEBA7,3,3,0,,,,,,,,,,,,,,,,,,,,,,,,,,,,
ID_A5305167D0CAEBA7,4,3,0,,,,,,,,,,,,,,,,,,,,,,,,,,,,
ID_A5305167D0CAEBA7,5,3,0,,,,,,,,,,,,,,,,,,,,,,,,,,,,
ID_A7A0F449D990FB83,1,3,0,73,,8,13,27,4,2,12,1,8,,12,15,33,38,7,17,4,19,,4,2,6,34,5,5,3,11
ID_A7A0F449D990FB83,2,3,0,83,,12,15,33,38,7,17,4,19,8,8,14,36,61,10,19,15,19,,-4,-1,3,23,3,2,11,0
ID_A7A0F449D990FB83,3,3,0,94,8,8,14,36,61,10,19,15,19,13,12,19,39,72,14,16,17,20,5,4,5,3,11,4,-3,2,1
ID_A7A0F449D990FB83,4,3,0,107,13,12,19,39,72,14,16,17,20,,,,,,,,,,,,,,,,,,
ID_A7A0F449D990FB83,5,3,0,,,,,,,,,,,,,,,,,,,,,,,,,,,,
ID_ADD1A5C6F4556EDF,1,3,0,117,,7,20,30,12,4,12,3,,,7,21,29,19,5,12,2,15,,0,1,-1,7,1,0,-1,
ID_ADD1A5C6F4556EDF,2,3,0,128,,7,21,29,19,5,12,2,15,8,9,19,34,21,6,11,3,20,,2,-2,5,2,1,-1,1,5
ID_ADD1A5C6F4556EDF,3,3,0,140,8,9,19,34,21,6,11,3,20,,,,,,,,,,,,,,,,,,
ID_ADD1A5C6F4556EDF,4,3,0,,,,,,,,,,,,,,,,,,,,,,,,,,,,
ID_ADD1A5C6F4556EDF,5,3,0,,,,,,,,,,,,,,,,,,,,,,,,,,,,
ID_AE81E26FEAFC4024,1,3,0,83,,6,22,16,17,4,11,0,13,,8,17,29,27,5,14,3,14,,2,-5,13,10,1,3,3,1
ID_AE81E26FEAFC4024,2,3,0,93,,8,17,29,27,5,14,3,14,7,8,21,38,50,9,17,12,19,,0,4,9,23,4,3,9,5
ID_AE81E26FEAFC4024,3,3,0,106,7,8,21,38,50,9,17,12,19,,,,,,,,,,,,,,,,,,
ID_AE81E26FEAFC4024,4,3,0,,,,,,,,,,,,,,,,,,,,,,,,,,,,
ID_AE81E26FEAFC4024,5,3,0,,,,,,,,,,,,,,,,,,,,,,,,,,,,
ID_AF5CAC7DBB227CBB,1,3,1,70,,2,9,14,1,,7,0,11,,9,9,34,13,3,13,2,11,,7,0,20,12,,6,2,0
ID_AF5CAC7DBB227CBB,2,3,1,82,,9,9,34,13,3,13,2,11,7,11,13,31,12,4,16,1,18,,2,4,-3,-1,1,3,-1,7
ID_AF5CAC7DBB227CBB,3,3,1,93,7,11,13,31,12,4,16,1,18,11,12,15,43,21,7,16,4,20,4,1,2,12,9,3,0,3,2
ID_AF5CAC7DBB227CBB,4,3,1,105,11,12,15,43,21,7,16,4,20,,,,,,,,,,,,,,,,,,
ID_AF5CAC7DBB227CBB,5,3,1,,,,,,,,,,,,,,,,,,,,,,,,,,,,
ID_BBD61DDADC733787,1,3,0,96,,11,22,39,59,11,15,20,20,,13,24,43,76,14,18,24,21,,2,2,4,17,3,3,4,1
ID_BBD61DDADC733787,2,3,0,106,,13,24,43,76,14,18,24,21,6,16,27,50,84,16,19,20,26,,3,3,7,8,2,1,-4,5
ID_BBD61DDADC733787,3,3,0,119,6,16,27,50,84,16,19,20,26,8,15,23,55,85,15,17,27,28,2,-1,-4,5,1,-1,-2,7,2
ID_BBD61DDADC733787,4,3,0,132,8,15,23,55,85,15,17,27,28,,,,,,,,,,,,,,,,,,
ID_BBD61DDADC733787,5,3,0,,,,,,,,,,,,,,,,,,,,,,,,,,,,
ID_BC9F7E2D3C75FB49,1,3,0,85,,4,7,16,10,2,10,1,9,,5,7,17,11,1,11,0,9,,1,0,1,1,-1,1,-1,0
ID_BC9F7E2D3C75FB49,2,3,0,95,,5,7,17,11,1,11,0,9,2,5,10,23,15,5,13,1,15,,0,3,6,4,4,2,1,6
ID_BC9F7E2D3C75FB49,3,3,0,108,2,5,10,23,15,5,13,1,15,5,6,13,28,23,5,14,1,17,3,1,3,5,8,0,1,0,2
ID_BC9F7E2D3C75FB49,4,3,0,120,5,6,13,28,23,5,14,1,17,,,,,,,,,,,,,,,,,,
ID_BC9F7E2D3C75FB49,5,3,0,,,,,,,,,,,,,,,,,,,,,,,,,,,,
ID_CCDF3CA39CE5E4CA,1,3,0,104,,9,19,42,30,5,17,5,18,,11,19,41,32,4,20,5,19,,2,0,-1,2,-1,3,0,1
ID_CCDF3CA39CE5E4CA,2,3,0,116,,11,19,41,32,4,20,5,19,13,12,17,51,32,6,18,10,22,,1,-2,10,0,2,-2,5,3
ID_CCDF3CA39CE5E4CA,3,3,0,127,13,12,17,51,32,6,18,10,22,21,14,19,51,45,5,19,13,22,8,2,2,0,13,-1,1,3,0
ID_CCDF3CA39CE5E4CA,4,3,0,140,21,14,19,51,45,5,19,13,22,,,,,,,,,,,,,,,,,,
ID_CCDF3CA39CE5E4CA,5,3,0,,,,,,,,,,,,,,,,,,,,,,,,,,,,
ID_D7287A29CCA2B25F,1,3,1,94,,4,19,25,7,3,13,2,,,9,20,33,12,5,15,0,14,,5,1,8,5,2,2,-2,
ID_D7287A29CCA2B25F,2,3,1,106,,9,20,33,12,5,15,0,14,5,7,23,43,22,7,16,4,15,,-2,3,10,10,2,1,4,1
ID_D7287A29CCA2B25F,3,3,1,117,5,7,23,43,22,7,16,4,15,,,,,,,,,,,,,,,,,,
ID_D7287A29CCA2B25F,4,3,1,,,,,,,,,,,,,,,,,,,,,,,,,,,,
ID_D7287A29CCA2B25F,5,3,1,,,,,,,,,,,,,,,,,,,,,,,,,,,,
ID_D990C7722086CB20,1,3,0,92,,8,12,33,6,1,10,2,19,,10,13,31,21,4,15,5,19,,2,1,-2,15,3,5,3,0
ID_D990C7722086CB20,2,3,0,106,,10,13,31,21,4,15,5,19,6,11,15,41,28,5,16,10,21,,1,2,10,7,1,1,5,2
ID_D990C7722086CB20,3,3,0,117,6,11,15,41,28,5,16,10,21,11,14,16,44,45,8,18,15,21,5,3,1,3,17,3,2,5,0
ID_D990C7722086CB20,4,3,0,129,11,14,16,44,45,8,18,15,21,,,,,,,,,,,,,,,,,,
ID_D990C7722086CB20,5,3,0,,,,,,,,,,,,,,,,,,,,,,,,,,,,
ID_D9E28458550B1390,1,3,0,86,,7,19,26,50,12,13,11,13,,,,,,,,,,,,,,,,,,
ID_D9E28458550B1390,2,3,0,,,,,,,,,,,,,,,,,,,,,,,,,,,,
ID_D9E28458550B1390,3,3,0,,,,,,,,,,,,,,,,,,,,,,,,,,,,
ID_D9E28458550B1390,4,3,0,,,,,,,,,,,,,,,,,,,,,,,,,,,,
ID_D9E28458550B1390,5,3,0,,,,,,,,,,,,,,,,,,,,,,,,,,,,
ID_DBCFD8B7CD852E2C,1,3,0,86,,8,18,35,17,6,16,0,16,,9,22,44,25,4,16,2,17,,1,4,9,8,-2,0,2,1
ID_DBCFD8B7CD852E2C,2,3,0,97,,9,22,44,25,4,16,2,17,3,10,19,41,28,5,18,6,16,,1,-3,-3,3,1,2,4,-1
ID_DBCFD8B7CD852E2C,3,3,0,109,3,10,19,41,28,5,18,6,16,,,,,,,,,,,,,,,,,,
ID_DBCFD8B7CD852E2C,4,3,0,,,,,,,,,,,,,,,,,,,,,,,,,,,,
ID_DBCFD8B7CD852E2C,5,3,0,,,,,,,,,,,,,,,,,,,,,,,,,,,,
ID_E100625980293AE4,1,3,1,109,,9,24,38,24,7,15,5,,,8,28,46,36,7,13,11,16,,-1,4,8,12,0,-2,6,
ID_E100625980293AE4,2,3,1,121,,8,28,46,36,7,13,11,16,,,,,,,,,,,,,,,,,,
ID_E100625980293AE4,3,3,1,,,,,,,,,,,,,,,,,,,,,,,,,,,,
ID_E100625980293AE4,4,3,1,,,,,,,,,,,,,,,,,,,,,,,,,,,,
ID_E100625980293AE4,5,3,1,,,,,,,,,,,,,,,,,,,,,,,,,,,,
ID_E5684482D4C19901,1,3,1,82,,7,15,27,14,4,10,1,9,,,,,,,,,,,,,,,,,,
ID_E5684482D4C19901,2,3,1,,,,,,,,,,,,,,,,,,,,,,,,,,,,
ID_E5684482D4C19901,3,3,1,,,,,,,,,,,,,,,,,,,,,,,,,,,,
ID_E5684482D4C19901,4,3,1,,,,,,,,,,,,,,,,,,,,,,,,,,,,
ID_E5684482D4C19901,5,3,1,,,,,,,,,,,,,,,,,,,,,,,,,,,,
ID_E85C767BB3684266,1,3,1,75,,5,14,13,4,0,10,0,16,,6,17,25,22,3,11,1,18,,1,3,12,18,3,1,1,2
ID_E85C767BB3684266,2,3,1,86,,6,17,25,22,3,11,1,18,5,8,18,31,53,8,13,14,20,,2,1,6,31,5,2,13,2
ID_E85C767BB3684266,3,3,1,97,5,8,18,31,53,8,13,14,20,,,,,,,,,,,,,,,,,,
ID_E85C767BB3684266,4,3,1,,,,,,,,,,,,,,,,,,,,,,,,,,,,
ID_E85C767BB3684266,5,3,1,,,,,,,,,,,,,,,,,,,,,,,,,,,,
ID_ED617E451F1DA58B,1,3,0,56,,0,9,6,0,0,7,0,9,,1,12,17,1,0,8,0,15,,1,3,11,1,0,1,0,6
ID_ED617E451F1DA58B,2,3,0,63,,1,12,17,1,0,8,0,15,3,8,14,24,14,5,9,0,13,,7,2,7,13,5,1,0,-2
ID_ED617E451F1DA58B,3,3,0,75,3,8,14,24,14,5,9,0,13,4,8,14,38,49,12,16,11,15,1,0,0,14,35,7,7,11,2
ID_ED617E451F1DA58B,4,3,0,87,4,8,14,38,49,12,16,11,15,,,,,,,,,,,,,,,,,,
ID_ED617E451F1DA58B,5,3,0,,,,,,,,,,,,,,,,,,,,,,,,,,,,
ID_EFA02A4CDB270804,1,3,0,83,,8,16,36,23,5,19,5,18,,9,18,36,41,8,17,13,20,,1,2,0,18,3,-2,8,2
ID_EFA02A4CDB270804,2,3,0,91,,9,18,36,41,8,17,13,20,7,11,21,44,56,10,19,17,20,,2,3,8,15,2,2,4,0
ID_EFA02A4CDB270804,3,3,0,102,7,11,21,44,56,10,19,17,20,12,16,21,47,65,13,20,18,21,5,5,0,3,9,3,1,1,1
ID_EFA02A4CDB270804,4,3,0,115,12,16,21,47,65,13,20,18,21,,,,,,,,,,,,,,,,,,
ID_EFA02A4CDB270804,5,3,0,,,,,,,,,,,,,,,,,,,,,,,,,,,,
ID_F6DB144A765677C3,1,3,1,62,,,15,,6,0,,0,13,,,,,,,,,,,,,,,,,,
ID_F6DB144A765677C3,2,3,1,,,,,,,,,,,,,,,,,,,,,,,,,,,,
ID_F6DB144A765677C3,3,3,1,,,,,,,,,,,,,,,,,,,,,,,,,,,,
ID_F6DB144A765677C3,4,3,1,,,,,,,,,,,,,,,,,,,,,,,,,,,,
ID_F6DB144A765677C3,5,3,1,,,,,,,,,,,,,,,,,,,,,,,,,,,,
